<gmd:MD_Metadata xmlns:gmd="http://www.isotc211.org/2005/gmd" xmlns:gco="http://www.isotc211.org/2005/gco" xmlns:xsi="http://www.w3.org/2001/XMLSchema-instance" xmlns:gml="http://www.opengis.net/gml" xmlns:gts="http://www.isotc211.org/2005/gts" xmlns:xlink="http://www.w3.org/1999/xlink" xsi:schemaLocation="http://www.isotc211.org/2005/gmd http://www.isotc211.org/2005/gmd/gmd.xsd http://www.opengis.net/gml http://www.isotc211.org/2005/gml/gml.xsd http://www.w3.org/1999/xlink http://www.isotc211.org/2005/xlink/xlinks.xsd"><gmd:fileIdentifier><gco:CharacterString>FA803AC1-2EA2-46F4-A3B7-403119FC4B53</gco:CharacterString></gmd:fileIdentifier><gmd:language><gco:CharacterString>eng</gco:CharacterString></gmd:language><gmd:characterSet><gmd:MD_CharacterSetCode codeList="http://asdd.ga.gov.au/asdd/profileinfo/gmxCodelists.xml#MD_CharacterSetCode" codeListValue="utf8">utf8</gmd:MD_CharacterSetCode></gmd:characterSet><gmd:hierarchyLevel><gmd:MD_ScopeCode codeList="http://asdd.ga.gov.au/asdd/profileinfo/GAScopeCodeList.xml#MD_ScopeCode" codeListValue="dataset">dataset</gmd:MD_ScopeCode></gmd:hierarchyLevel><gmd:hierarchyLevelName><gco:CharacterString>dataset</gco:CharacterString></gmd:hierarchyLevelName><gmd:contact><gmd:CI_ResponsibleParty><gmd:individualName gco:nilReason="missing"><gco:CharacterString></gco:CharacterString></gmd:individualName><gmd:organisationName><gco:CharacterString>Bureau of Transport Statistics</gco:CharacterString></gmd:organisationName><gmd:positionName gco:nilReason="missing"><gco:CharacterString></gco:CharacterString></gmd:positionName><gmd:contactInfo><gmd:CI_Contact><gmd:phone><gmd:CI_Telephone></gmd:CI_Telephone></gmd:phone><gmd:address><gmd:CI_Address><gmd:deliveryPoint gco:nilReason="missing"><gco:CharacterString></gco:CharacterString></gmd:deliveryPoint><gmd:country><gco:CharacterString>Australia</gco:CharacterString></gmd:country><gmd:electronicMailAddress><gco:CharacterString>btsinfo@transport.nsw.gov.au</gco:CharacterString></gmd:electronicMailAddress></gmd:CI_Address></gmd:address></gmd:CI_Contact></gmd:contactInfo><gmd:role><gmd:CI_RoleCode codeList="http://asdd.ga.gov.au/asdd/profileinfo/gmxCodelists.xml#CI_RoleCode" codeListValue="pointOfContact">pointOfContact</gmd:CI_RoleCode></gmd:role></gmd:CI_ResponsibleParty></gmd:contact><gmd:dateStamp><gco:Date>2013-04-24</gco:Date></gmd:dateStamp><gmd:metadataStandardName><gco:CharacterString>ANZLIC Metadata Profile: An Australian/New Zealand Profile of AS/NZS ISO 19115:2005, Geographic information - Metadata</gco:CharacterString></gmd:metadataStandardName><gmd:metadataStandardVersion><gco:CharacterString>1.1</gco:CharacterString></gmd:metadataStandardVersion><gmd:referenceSystemInfo><gmd:MD_ReferenceSystem><gmd:referenceSystemIdentifier><gmd:RS_Identifier><gmd:code><gco:CharacterString>3308</gco:CharacterString></gmd:code></gmd:RS_Identifier></gmd:referenceSystemIdentifier></gmd:MD_ReferenceSystem></gmd:referenceSystemInfo><gmd:identificationInfo><gmd:MD_DataIdentification><gmd:citation><gmd:CI_Citation><gmd:title><gco:CharacterString>Travel Zones (TZs) New South Wales 2011</gco:CharacterString></gmd:title><gmd:date><gmd:CI_Date><gmd:date><gco:Date>2013-02</gco:Date></gmd:date><gmd:dateType><gmd:CI_DateTypeCode codeList="http://asdd.ga.gov.au/asdd/profileinfo/gmxCodelists.xml#CI_DateTypeCode" codeListValue="creation">creation</gmd:CI_DateTypeCode></gmd:dateType></gmd:CI_Date></gmd:date></gmd:CI_Citation></gmd:citation><gmd:abstract><gco:CharacterString>Travel Zones (TZs) are the spatial base of the Bureau of Transport Statistics (BTS) data collection, transport modelling and analysis. TZs allow for detailed spatial analysis as they are smaller than Statistical Area Level 2s (SA2), but larger than ABS Mesh Blocks (MB).</gco:CharacterString></gmd:abstract><gmd:status><gmd:MD_ProgressCode codeList="http://asdd.ga.gov.au/asdd/profileinfo/gmxCodelists.xml#MD_ProgressCode" codeListValue="completed">completed</gmd:MD_ProgressCode></gmd:status><gmd:resourceMaintenance><gmd:MD_MaintenanceInformation><gmd:maintenanceAndUpdateFrequency><gmd:MD_MaintenanceFrequencyCode codeList="http://asdd.ga.gov.au/asdd/profileinfo/gmxCodelists.xml#MD_MaintenanceFrequencyCode" codeListValue="notPlanned">notPlanned</gmd:MD_MaintenanceFrequencyCode></gmd:maintenanceAndUpdateFrequency></gmd:MD_MaintenanceInformation></gmd:resourceMaintenance><gmd:resourceFormat xlink:type="simple"><gmd:MD_Format><gmd:name><gco:CharacterString>*.xml</gco:CharacterString></gmd:name><gmd:version><gco:CharacterString>Unknown</gco:CharacterString></gmd:version></gmd:MD_Format></gmd:resourceFormat><gmd:descriptiveKeywords><gmd:MD_Keywords><gmd:keyword><gco:CharacterString>New South Wales</gco:CharacterString></gmd:keyword><gmd:type><gmd:MD_KeywordTypeCode codeList="http://asdd.ga.gov.au/asdd/profileinfo/gmxCodelists.xml#MD_KeywordTypeCode" codeListValue="theme">theme</gmd:MD_KeywordTypeCode></gmd:type><gmd:thesaurusName><gmd:CI_Citation><gmd:title><gco:CharacterString>ANZLIC Jurisdictions</gco:CharacterString></gmd:title><gmd:date><gmd:CI_Date><gmd:date><gco:Date>2008-10-29</gco:Date></gmd:date><gmd:dateType><gmd:CI_DateTypeCode codeList="http://asdd.ga.gov.au/asdd/profileinfo/gmxCodelists.xml#CI_DateTypeCode" codeListValue="revision">revision</gmd:CI_DateTypeCode></gmd:dateType></gmd:CI_Date></gmd:date><gmd:edition><gco:CharacterString>Version 2.1</gco:CharacterString></gmd:edition><gmd:editionDate><gco:Date>2008-10-29</gco:Date></gmd:editionDate><gmd:identifier><gmd:MD_Identifier><gmd:code><gco:CharacterString>http://asdd.ga.gov.au/asdd/profileinfo/anzlic-jurisdic.xml#anzlic-jurisdic</gco:CharacterString></gmd:code></gmd:MD_Identifier></gmd:identifier><gmd:citedResponsibleParty><gmd:CI_ResponsibleParty><gmd:organisationName><gco:CharacterString>ANZLIC the Spatial Information Council</gco:CharacterString></gmd:organisationName><gmd:role><gmd:CI_RoleCode codeList="http://asdd.ga.gov.au/asdd/profileinfo/gmxCodelists.xml#CI_RoleCode" codeListValue="custodian">custodian</gmd:CI_RoleCode></gmd:role></gmd:CI_ResponsibleParty></gmd:citedResponsibleParty></gmd:CI_Citation></gmd:thesaurusName></gmd:MD_Keywords></gmd:descriptiveKeywords><gmd:descriptiveKeywords><gmd:MD_Keywords><gmd:keyword><gco:CharacterString>BOUNDARIES-Administrative</gco:CharacterString></gmd:keyword><gmd:keyword><gco:CharacterString>TRANSPORTATION</gco:CharacterString></gmd:keyword><gmd:keyword><gco:CharacterString>HUMAN-ENVIRONMENT-Planning</gco:CharacterString></gmd:keyword><gmd:keyword><gco:CharacterString>LAND-Use</gco:CharacterString></gmd:keyword><gmd:type><gmd:MD_KeywordTypeCode codeList="http://asdd.ga.gov.au/asdd/profileinfo/gmxCodelists.xml#MD_KeywordTypeCode" codeListValue="theme">theme</gmd:MD_KeywordTypeCode></gmd:type><gmd:thesaurusName><gmd:CI_Citation><gmd:title><gco:CharacterString>ANZLIC Search Words</gco:CharacterString></gmd:title><gmd:date><gmd:CI_Date><gmd:date><gco:Date>2008-05-16</gco:Date></gmd:date><gmd:dateType><gmd:CI_DateTypeCode codeList="http://asdd.ga.gov.au/asdd/profileinfo/gmxCodelists.xml#CI_DateTypeCode" codeListValue="revision">revision</gmd:CI_DateTypeCode></gmd:dateType></gmd:CI_Date></gmd:date><gmd:edition><gco:CharacterString>Version 2.1</gco:CharacterString></gmd:edition><gmd:editionDate><gco:Date>2008-05-16</gco:Date></gmd:editionDate><gmd:identifier><gmd:MD_Identifier><gmd:code><gco:CharacterString>http://asdd.ga.gov.au/asdd/profileinfo/anzlic-theme.xml#anzlic-theme</gco:CharacterString></gmd:code></gmd:MD_Identifier></gmd:identifier><gmd:citedResponsibleParty><gmd:CI_ResponsibleParty><gmd:organisationName><gco:CharacterString>ANZLIC the Spatial Information Council</gco:CharacterString></gmd:organisationName><gmd:role><gmd:CI_RoleCode codeList="http://asdd.ga.gov.au/asdd/profileinfo/gmxCodelists.xml#CI_RoleCode" codeListValue="custodian">custodian</gmd:CI_RoleCode></gmd:role></gmd:CI_ResponsibleParty></gmd:citedResponsibleParty></gmd:CI_Citation></gmd:thesaurusName></gmd:MD_Keywords></gmd:descriptiveKeywords><gmd:resourceConstraints><gmd:MD_LegalConstraints><gmd:useConstraints><gmd:MD_RestrictionCode codeList="http://asdd.ga.gov.au/asdd/profileinfo/gmxCodelists.xml#MD_RestrictionCode" codeListValue="copyright">copyright</gmd:MD_RestrictionCode></gmd:useConstraints></gmd:MD_LegalConstraints></gmd:resourceConstraints><gmd:spatialRepresentationType><gmd:MD_SpatialRepresentationTypeCode codeList="http://asdd.ga.gov.au/asdd/profileinfo/gmxCodelists.xml#MD_SpatialRepresentationTypeCode" codeListValue="vector">vector</gmd:MD_SpatialRepresentationTypeCode></gmd:spatialRepresentationType><gmd:language><gco:CharacterString>eng</gco:CharacterString></gmd:language><gmd:characterSet><gmd:MD_CharacterSetCode codeList="http://asdd.ga.gov.au/asdd/profileinfo/gmxCodelists.xml#MD_CharacterSetCode" codeListValue="utf8">utf8</gmd:MD_CharacterSetCode></gmd:characterSet><gmd:topicCategory><gmd:MD_TopicCategoryCode>boundaries</gmd:MD_TopicCategoryCode></gmd:topicCategory><gmd:topicCategory><gmd:MD_TopicCategoryCode>transportation</gmd:MD_TopicCategoryCode></gmd:topicCategory><gmd:topicCategory><gmd:MD_TopicCategoryCode>planningCadastre</gmd:MD_TopicCategoryCode></gmd:topicCategory><gmd:extent><gmd:EX_Extent><gmd:geographicElement><gmd:EX_GeographicBoundingBox><gmd:westBoundLongitude><gco:Decimal>140.25</gco:Decimal></gmd:westBoundLongitude><gmd:eastBoundLongitude><gco:Decimal>159.5</gco:Decimal></gmd:eastBoundLongitude><gmd:southBoundLatitude><gco:Decimal>-38</gco:Decimal></gmd:southBoundLatitude><gmd:northBoundLatitude><gco:Decimal>-27.5</gco:Decimal></gmd:northBoundLatitude></gmd:EX_GeographicBoundingBox></gmd:geographicElement></gmd:EX_Extent></gmd:extent></gmd:MD_DataIdentification></gmd:identificationInfo><gmd:dataQualityInfo><gmd:DQ_DataQuality><gmd:scope><gmd:DQ_Scope><gmd:level><gmd:MD_ScopeCode codeList="http://asdd.ga.gov.au/asdd/profileinfo/gmxCodelists.xml#MD_ScopeCode" codeListValue="dataset">dataset</gmd:MD_ScopeCode></gmd:level><gmd:levelDescription><gmd:MD_ScopeDescription><gmd:other><gco:CharacterString>dataset</gco:CharacterString></gmd:other></gmd:MD_ScopeDescription></gmd:levelDescription></gmd:DQ_Scope></gmd:scope><gmd:lineage><gmd:LI_Lineage><gmd:statement><gco:CharacterString>TZ 2011 boundaries are based on ABS MB or SA1 boundaries. To satisfy future modelling requirements in areas of predicted high population growth it was necessary for TZs  to cut 2011 MBs  in a number of cases.

Data Structure

Field Name: TZ_CODE11
Description: Travel Zone 2011 code. Numbers less than 7,000 indicate the zone is within the 2011 Sydney Greater Metropolitan Area (GMA)

Field Name: TZ_NAME11
Description: Travel Zone 2011 name

Field Name: DZN_CODE11_4DIG
Description: BTS Destination Zone 2011 four digit code

Field Name: DZN_NAME11
Description: BTS Destination Zone 2011 name

Field Name:SA2_MAINCODE_2011
Description: Statistical Area Level 2 2011 code

Field Name: SA3_CODE_2011
Description: Statistical Area Level 3 2011 code

Field Name:SA4_CODE_2011
Description: Statistical Area Level 4 2011 code

Field Name:GCCSA_CODE_2011
Description: Greater Capital City Statistical Area 2011 code


</gco:CharacterString></gmd:statement></gmd:LI_Lineage></gmd:lineage></gmd:DQ_DataQuality></gmd:dataQualityInfo><dataIdInfo><envirDesc Sync="TRUE">Microsoft Windows 7 Version 6.1 (Build 7601) Service Pack 1; ESRI ArcGIS 10.0.5.4400</envirDesc><dataLang><languageCode value="eng" Sync="TRUE"></languageCode><countryCode value="AUS" Sync="TRUE"></countryCode></dataLang><idCitation><resTitle Sync="TRUE">TZ_NSW_2011</resTitle><presForm><PresFormCd value="005" Sync="TRUE"></PresFormCd></presForm></idCitation><spatRpType><SpatRepTypCd value="001" Sync="TRUE"></SpatRepTypCd></spatRpType><dataExt><geoEle><GeoBndBox esriExtentType="search"><exTypeCode Sync="TRUE">1</exTypeCode><westBL Sync="TRUE">140.397507</westBL><eastBL Sync="TRUE">159.885507</eastBL><northBL Sync="TRUE">-27.760809</northBL><southBL Sync="TRUE">-37.538843</southBL></GeoBndBox></geoEle></dataExt></dataIdInfo><mdLang><languageCode value="eng" Sync="TRUE"></languageCode><countryCode value="AUS" Sync="TRUE"></countryCode></mdLang><Esri><DataProperties><itemProps><itemName Sync="TRUE">TZ_NSW_2011</itemName><imsContentType Sync="TRUE">002</imsContentType><nativeExtBox><westBL Sync="TRUE">8714599.089900</westBL><eastBL Sync="TRUE">10446775.794800</eastBL><southBL Sync="TRUE">4024167.826100</southBL><northBL Sync="TRUE">5045059.370700</northBL><exTypeCode Sync="TRUE">1</exTypeCode></nativeExtBox><itemLocation><linkage Sync="TRUE">file://\\S-BTS\LOCATION\GIS\Temp\ForAW\TZ11\Shapefile\TZ_NSW_2011.shp</linkage><protocol Sync="TRUE">Local Area Network</protocol></itemLocation><itemSize Sync="TRUE">34.018</itemSize></itemProps><coordRef><type Sync="TRUE">Projected</type><geogcsn Sync="TRUE">GCS_GDA_1994</geogcsn><csUnits Sync="TRUE">Linear Unit: Meter (1.000000)</csUnits><projcsn Sync="TRUE">GDA_1994_NSW_lambert</projcsn><peXml Sync="TRUE">&lt;ProjectedCoordinateSystem xsi:type='typens:ProjectedCoordinateSystem' xmlns:xsi='http://www.w3.org/2001/XMLSchema-instance' xmlns:xs='http://www.w3.org/2001/XMLSchema' xmlns:typens='http://www.esri.com/schemas/ArcGIS/10.0'&gt;&lt;WKT&gt;PROJCS[&amp;quot;GDA_1994_NSW_lambert&amp;quot;,GEOGCS[&amp;quot;GCS_GDA_1994&amp;quot;,DATUM[&amp;quot;D_GDA_1994&amp;quot;,SPHEROID[&amp;quot;GRS_1980&amp;quot;,6378137.0,298.257222101]],PRIMEM[&amp;quot;Greenwich&amp;quot;,0.0],UNIT[&amp;quot;Degree&amp;quot;,0.0174532925199433]],PROJECTION[&amp;quot;Lambert_Conformal_Conic&amp;quot;],PARAMETER[&amp;quot;False_Easting&amp;quot;,9300000.0],PARAMETER[&amp;quot;False_Northing&amp;quot;,4500000.0],PARAMETER[&amp;quot;Central_Meridian&amp;quot;,147.0],PARAMETER[&amp;quot;Standard_Parallel_1&amp;quot;,-30.75],PARAMETER[&amp;quot;Standard_Parallel_2&amp;quot;,-35.75],PARAMETER[&amp;quot;Latitude_Of_Origin&amp;quot;,-33.25],UNIT[&amp;quot;Meter&amp;quot;,1.0],AUTHORITY[&amp;quot;EPSG&amp;quot;,3308]]&lt;/WKT&gt;&lt;XOrigin&gt;-28841000&lt;/XOrigin&gt;&lt;YOrigin&gt;-11011300&lt;/YOrigin&gt;&lt;XYScale&gt;118077649.44208319&lt;/XYScale&gt;&lt;ZOrigin&gt;-100000&lt;/ZOrigin&gt;&lt;ZScale&gt;10000&lt;/ZScale&gt;&lt;MOrigin&gt;-100000&lt;/MOrigin&gt;&lt;MScale&gt;10000&lt;/MScale&gt;&lt;XYTolerance&gt;0.001&lt;/XYTolerance&gt;&lt;ZTolerance&gt;0.001&lt;/ZTolerance&gt;&lt;MTolerance&gt;0.001&lt;/MTolerance&gt;&lt;HighPrecision&gt;true&lt;/HighPrecision&gt;&lt;WKID&gt;3308&lt;/WKID&gt;&lt;/ProjectedCoordinateSystem&gt;</peXml></coordRef><lineage><Process ToolSource="c:\program files (x86)\arcgis\desktop10.0\ArcToolbox\Toolboxes\Conversion Tools.tbx\FeatureClassToFeatureClass" Date="20130510" Time="091508">FeatureClassToFeatureClass E:\TravelZones2011\ChangeCaughtByHoushang\TZ_2011.gdb\TZ_NSW_2011 E:\TravelZones2011\ChangeCaughtByHoushang\DataCentral TZ_NSW_2011.shp # "TZ_CODE11 "TZ_CODE11" true true false 4 Long 0 0 ,First,#,E:\TravelZones2011\ChangeCaughtByHoushang\TZ_2011.gdb\TZ_NSW_2011,TZ_CODE11,-1,-1;TZ_NAME11 "TZ_NAME11" true true false 100 Text 0 0 ,First,#,E:\TravelZones2011\ChangeCaughtByHoushang\TZ_2011.gdb\TZ_NSW_2011,TZ_NAME11,-1,-1;DZN_CODE11 "DZN_CODE11_4DIG" true true false 10 Text 0 0 ,First,#,E:\TravelZones2011\ChangeCaughtByHoushang\TZ_2011.gdb\TZ_NSW_2011,DZN_CODE11_4DIG,-1,-1;DZN_NAME11 "DZN_NAME11" true true false 100 Text 0 0 ,First,#,E:\TravelZones2011\ChangeCaughtByHoushang\TZ_2011.gdb\TZ_NSW_2011,DZN_NAME11,-1,-1;SA2_MAIN11 "SA2_MAINCODE_2011" true true false 4 Long 0 0 ,First,#,E:\TravelZones2011\ChangeCaughtByHoushang\TZ_2011.gdb\TZ_NSW_2011,SA2_MAINCODE_2011,-1,-1;SA3_CODE11 "SA3_CODE_2011" true true false 4 Long 0 0 ,First,#,E:\TravelZones2011\ChangeCaughtByHoushang\TZ_2011.gdb\TZ_NSW_2011,SA3_CODE_2011,-1,-1;SA4_CODE11 "SA4_CODE_2011" true true false 4 Long 0 0 ,First,#,E:\TravelZones2011\ChangeCaughtByHoushang\TZ_2011.gdb\TZ_NSW_2011,SA4_CODE_2011,-1,-1;GCCSA_CODE "GCCSA_CODE_2011" true true false 5 Text 0 0 ,First,#,E:\TravelZones2011\ChangeCaughtByHoushang\TZ_2011.gdb\TZ_NSW_2011,GCCSA_CODE_2011,-1,-1;SHAPE_Leng "SHAPE_Length" false true true 8 Double 0 0 ,First,#,E:\TravelZones2011\ChangeCaughtByHoushang\TZ_2011.gdb\TZ_NSW_2011,SHAPE_Length,-1,-1;SHAPE_Area "SHAPE_Area" false true true 8 Double 0 0 ,First,#,E:\TravelZones2011\ChangeCaughtByHoushang\TZ_2011.gdb\TZ_NSW_2011,SHAPE_Area,-1,-1" #</Process></lineage></DataProperties><SyncDate>20130510</SyncDate><SyncTime>10361000</SyncTime><ModDate>20130510</ModDate><ModTime>10361000</ModTime><CreaDate>20130510</CreaDate><CreaTime>08313100</CreaTime><ArcGISFormat>1.0</ArcGISFormat><ArcGISstyle>ISO 19139 Metadata Implementation Specification</ArcGISstyle><SyncOnce>FALSE</SyncOnce></Esri><distInfo><distFormat><formatName Sync="TRUE">Shapefile</formatName></distFormat><distTranOps><transSize Sync="TRUE">34.018</transSize></distTranOps></distInfo><mdHrLv><ScopeCd value="005" Sync="TRUE"></ScopeCd></mdHrLv><mdHrLvName Sync="TRUE">dataset</mdHrLvName><refSysInfo><RefSystem><refSysID><identCode code="3308" Sync="TRUE" value="3308"></identCode><idCodeSpace Sync="TRUE">EPSG</idCodeSpace><idVersion Sync="TRUE">7.4.1</idVersion></refSysID></RefSystem></refSysInfo><spatRepInfo><VectSpatRep><geometObjs Name="TZ_NSW_2011"><geoObjTyp><GeoObjTypCd value="002" Sync="TRUE"></GeoObjTypCd></geoObjTyp><geoObjCnt Sync="TRUE">3514</geoObjCnt></geometObjs><topLvl><TopoLevCd value="001" Sync="TRUE"></TopoLevCd></topLvl></VectSpatRep></spatRepInfo><spdoinfo><ptvctinf><esriterm><efeatyp Sync="TRUE">Simple</efeatyp><efeageom code="4" Sync="TRUE"></efeageom><esritopo Sync="TRUE">FALSE</esritopo><efeacnt Sync="TRUE">3514</efeacnt><spindex Sync="TRUE">TRUE</spindex><linrefer Sync="TRUE">FALSE</linrefer></esriterm></ptvctinf></spdoinfo><eainfo><detailed Name="TZ_NSW_2011"><enttyp><enttypl Sync="TRUE">TZ_NSW_2011</enttypl><enttypt Sync="TRUE">Feature Class</enttypt><enttypc Sync="TRUE">3514</enttypc></enttyp><attr><attrlabl Sync="TRUE">FID</attrlabl><attalias Sync="TRUE">FID</attalias><attrtype Sync="TRUE">OID</attrtype><attwidth Sync="TRUE">4</attwidth><atprecis Sync="TRUE">0</atprecis><attscale Sync="TRUE">0</attscale><attrdef Sync="TRUE">Internal feature number.</attrdef><attrdefs Sync="TRUE">ESRI</attrdefs><attrdomv><udom Sync="TRUE">Sequential unique whole numbers that are automatically generated.</udom></attrdomv></attr><attr><attrlabl Sync="TRUE">TZ_CODE11</attrlabl><attalias Sync="TRUE">TZ_CODE11</attalias><attrtype Sync="TRUE">Integer</attrtype><attwidth Sync="TRUE">9</attwidth><atprecis Sync="TRUE">9</atprecis><attscale Sync="TRUE">0</attscale></attr><attr><attrlabl Sync="TRUE">TZ_NAME11</attrlabl><attalias Sync="TRUE">TZ_NAME11</attalias><attrtype Sync="TRUE">String</attrtype><attwidth Sync="TRUE">100</attwidth><atprecis Sync="TRUE">0</atprecis><attscale Sync="TRUE">0</attscale></attr><attr><attrlabl Sync="TRUE">DZN_NAME11</attrlabl><attalias Sync="TRUE">DZN_NAME11</attalias><attrtype Sync="TRUE">String</attrtype><attwidth Sync="TRUE">100</attwidth><atprecis Sync="TRUE">0</atprecis><attscale Sync="TRUE">0</attscale></attr><attr><attrlabl Sync="TRUE">DZN_CODE11</attrlabl><attalias Sync="TRUE">DZN_CODE11</attalias><attrtype Sync="TRUE">String</attrtype><attwidth Sync="TRUE">10</attwidth><atprecis Sync="TRUE">0</atprecis><attscale Sync="TRUE">0</attscale></attr><attr><attrlabl Sync="TRUE">SHAPE</attrlabl><attalias Sync="TRUE">Shape</attalias><attrtype Sync="TRUE">Geometry</attrtype><attwidth Sync="TRUE">0</attwidth><atprecis Sync="TRUE">0</atprecis><attscale Sync="TRUE">0</attscale><attrdef Sync="TRUE">Feature geometry.</attrdef><attrdefs Sync="TRUE">ESRI</attrdefs><attrdomv><udom Sync="TRUE">Coordinates defining the features.</udom></attrdomv></attr><attr><attrlabl Sync="TRUE">SA2_MAIN11</attrlabl><attalias Sync="TRUE">SA2_MAIN11</attalias><attrtype Sync="TRUE">Integer</attrtype><attwidth Sync="TRUE">9</attwidth><atprecis Sync="TRUE">9</atprecis><attscale Sync="TRUE">0</attscale></attr><attr><attrlabl Sync="TRUE">SA3_CODE11</attrlabl><attalias Sync="TRUE">SA3_CODE11</attalias><attrtype Sync="TRUE">Integer</attrtype><attwidth Sync="TRUE">9</attwidth><atprecis Sync="TRUE">9</atprecis><attscale Sync="TRUE">0</attscale></attr><attr><attrlabl Sync="TRUE">SA4_CODE11</attrlabl><attalias Sync="TRUE">SA4_CODE11</attalias><attrtype Sync="TRUE">Integer</attrtype><attwidth Sync="TRUE">9</attwidth><atprecis Sync="TRUE">9</atprecis><attscale Sync="TRUE">0</attscale></attr><attr><attrlabl Sync="TRUE">GCCSA_CODE</attrlabl><attalias Sync="TRUE">GCCSA_CODE</attalias><attrtype Sync="TRUE">String</attrtype><attwidth Sync="TRUE">5</attwidth><atprecis Sync="TRUE">0</atprecis><attscale Sync="TRUE">0</attscale></attr><attr><attrlabl Sync="TRUE">SHAPE_Leng</attrlabl><attalias Sync="TRUE">SHAPE_Leng</attalias><attrtype Sync="TRUE">Double</attrtype><attwidth Sync="TRUE">19</attwidth><atprecis Sync="TRUE">0</atprecis><attscale Sync="TRUE">0</attscale></attr><attr><attrlabl Sync="TRUE">SHAPE_Area</attrlabl><attalias Sync="TRUE">SHAPE_Area</attalias><attrtype Sync="TRUE">Double</attrtype><attwidth Sync="TRUE">19</attwidth><atprecis Sync="TRUE">0</atprecis><attscale Sync="TRUE">0</attscale><attrdef Sync="TRUE">Area of feature in internal units squared.</attrdef><attrdefs Sync="TRUE">ESRI</attrdefs><attrdomv><udom Sync="TRUE">Positive real numbers that are automatically generated.</udom></attrdomv></attr></detailed></eainfo><mdDateSt Sync="TRUE">20130510</mdDateSt><mdChar><CharSetCd value="004" Sync="TRUE"></CharSetCd></mdChar></gmd:MD_Metadata>
